name,date,time,size
plspm_0.1-0.tar.gz,15-Apr-2009,10:29,20K
plspm_0.1-1.tar.gz,04-May-2009,12:20,39K
plspm_0.1-2.tar.gz,10-May-2009,20:55,43K
plspm_0.1-3.tar.gz,19-May-2009,18:05,43K
plspm_0.1-4.tar.gz,21-Jul-2009,14:29,104K
plspm_0.1-5.tar.gz,20-May-2010,07:01,107K
plspm_0.1-6.tar.gz,29-Jun-2010,14:30,113K
plspm_0.1-7.tar.gz,24-Jul-2010,22:42,113K
plspm_0.1-8.tar.gz,26-Jul-2010,23:02,117K
plspm_0.1-10.tar.gz,27-Jul-2010,20:34,117K
plspm_0.1-11.tar.gz,10-Aug-2010,16:17,114K
plspm_0.2-0.tar.gz,19-Dec-2011,12:17,118K
plspm_0.2-1.tar.gz,03-Jan-2012,09:19,118K
plspm_0.2-2.tar.gz,23-Jan-2012,08:38,120K
plspm_0.3.1.tar.gz,13-Nov-2012,08:03,113K
plspm_0.3.5.tar.gz,04-Jan-2013,09:14,131K
plspm_0.3.7.tar.gz,29-Jan-2013,07:41,131K
